Date, Open, High, Low, Close, Volume,ticker
12/24/20,47.0,47.09,45.81,46.28,2973402,LUV
12/23/20,45.47,47.1,45.47,46.75,6474189,LUV
12/22/20,46.0,46.15,44.98,45.32,4566490,LUV
12/21/20,44.76,46.13,44.45,45.8,7656946,LUV
12/18/20,46.22,46.34,45.66,46.03,8398053,LUV
12/17/20,45.8,46.4,45.45,46.39,6368733,LUV
12/16/20,46.42,46.42,45.2699,45.73,6441829,LUV
12/15/20,45.68,46.49,44.9529,46.42,5975746,LUV
12/14/20,46.58,46.6,45.24,45.26,6939733,LUV
12/11/20,46.0,46.59,45.1596,45.88,7638023,LUV
12/10/20,45.09,46.995,45.02,46.8,8322932,LUV
12/09/20,47.34,47.54,45.25,45.76,20733721,LUV
12/08/20,47.3,47.925,47.06,47.28,9132133,LUV
12/07/20,48.34,48.43,47.505,47.89,8097443,LUV
12/04/20,48.37,48.79,47.07,47.59,7615787,LUV
12/03/20,47.95,49.53,47.66,47.82,9892202,LUV
12/02/20,46.88,47.76,46.46,47.44,6054713,LUV
12/01/20,46.55,48.09,46.5,47.27,7547960,LUV
11/30/20,47.65,47.7,46.04,46.34,8791523,LUV
11/27/20,48.25,48.74,47.65,47.73,4051900,LUV
11/25/20,48.47,48.57,47.5,48.27,7281760,LUV
11/24/20,48.9,49.23,47.6491,48.25,12108810,LUV
11/23/20,46.11,46.95,45.28,46.81,10113040,LUV
11/20/20,46.05,46.05,45.035,45.54,6595685,LUV
11/19/20,45.53,46.46,45.41,46.08,6628562,LUV
11/18/20,46.82,47.28,45.6,45.6,11424710,LUV
11/17/20,44.86,46.24,44.43,45.66,8384508,LUV
11/16/20,46.06,46.2,44.54,45.58,14330010,LUV
11/13/20,42.17,44.145,42.11,43.88,7857464,LUV
11/12/20,41.78,43.28,41.4,41.92,11057500,LUV
11/11/20,44.9,44.91,42.66,43.22,10332750,LUV
11/10/20,43.88,45.12,43.33,44.81,16842551,LUV
11/09/20,46.85,49.47,43.79,43.89,30140189,LUV
11/06/20,40.74,40.93,39.77,40.01,5993329,LUV
11/05/20,39.44,41.2489,39.38,41.05,8070248,LUV
11/04/20,38.85,39.65,38.05,38.93,8999852,LUV
11/03/20,39.23,39.4,38.665,38.85,7275288,LUV
11/02/20,39.93,39.94,37.95,38.4,11362010,LUV
10/30/20,39.39,40.2,38.98,39.53,11258520,LUV
10/29/20,38.09,39.87,37.95,39.57,8383606,LUV
10/28/20,38.87,39.38,37.48,38.14,12101010,LUV
10/27/20,40.7,41.02,39.78,39.93,6525138,LUV
10/26/20,42.08,42.475,40.395,41.1,9712881,LUV
10/23/20,42.04,43.39,41.53,42.79,12518730,LUV
10/22/20,40.13,42.55,40.08,41.93,13663910,LUV
10/21/20,40.0,40.17,39.53,39.84,6532598,LUV
10/20/20,40.5,40.9,40.08,40.16,7203938,LUV
10/19/20,40.0,40.75,39.566,39.85,8592233,LUV
10/16/20,39.03,39.885,39.01,39.68,7334812,LUV
10/15/20,38.65,38.9,38.141999999999996,38.8,4496037,LUV
10/14/20,39.25,39.99,39.16,39.25,6908648,LUV
10/13/20,38.7,39.44,38.58,39.13,8839351,LUV
10/12/20,39.49,39.89,39.05,39.19,7378491,LUV
10/09/20,38.94,39.8,38.6,39.73,10501830,LUV
10/08/20,39.0,39.6,38.03,38.99,9138834,LUV
10/07/20,38.0,38.735,37.71,38.59,8679318,LUV
10/06/20,38.97,39.335,37.535,37.58,10136040,LUV
10/05/20,39.16,39.24,38.17,38.49,9304308,LUV
10/02/20,36.14,39.32,36.05,38.76,11937400,LUV
10/01/20,37.96,38.26,37.39,37.93,8186768,LUV
09/30/20,38.33,39.08,37.4,37.5,10144880,LUV
09/29/20,38.05,38.05,37.19,37.61,5263511,LUV
09/28/20,38.07,39.11,37.57,38.24,9235159,LUV
09/25/20,36.41,37.28,36.31,37.1,9297277,LUV
09/24/20,37.03,37.42,35.82,36.86,10798770,LUV
09/23/20,38.39,39.275,37.48,37.55,6797506,LUV
09/22/20,37.35,38.1978,37.11,38.12,10740040,LUV
09/21/20,38.05,38.47,36.75,37.52,14266940,LUV
09/18/20,39.77,40.51,39.31,39.83,21206270,LUV
09/17/20,41.31,41.995,40.085,40.4,15234640,LUV
09/16/20,40.52,42.88,40.275,42.1,19858500,LUV
09/15/20,40.26,40.98,40.1,40.61,10131160,LUV
09/14/20,39.35,40.25,39.063,40.06,9680749,LUV
09/11/20,39.05,39.41,38.68,38.95,8044874,LUV
09/10/20,39.52,39.95,38.865,38.94,9024766,LUV
09/09/20,40.09,40.44,38.81,39.22,12211510,LUV
09/08/20,39.18,40.8,39.18,40.5,15808630,LUV
09/04/20,39.19,40.0699,38.06,39.39,15543430,LUV
09/03/20,39.28,40.655,37.85,38.74,16721369,LUV
09/02/20,38.57,39.34,37.68,39.17,11157420,LUV
09/01/20,36.84,38.67,36.5606,37.91,10884670,LUV
08/31/20,38.75,38.81,37.58,37.58,9824277,LUV
08/28/20,38.11,39.06,37.59,38.81,14082630,LUV
08/27/20,37.54,38.88,37.313,37.65,14342550,LUV
08/26/20,36.91,37.07,36.325,36.38,7938202,LUV
08/25/20,37.43,37.5,36.34,37.06,11774020,LUV
08/24/20,35.29,36.94,34.96,36.91,15211940,LUV
08/21/20,34.3,35.19,34.28,34.69,11435500,LUV
08/20/20,33.65,34.575,33.48,34.46,9149336,LUV
08/19/20,34.91,35.78,34.145,34.27,14959370,LUV
08/18/20,33.82,34.25,33.54,34.16,7256144,LUV
08/17/20,35.06,35.18,33.7927,33.81,8113529,LUV
08/14/20,34.3,35.13,34.2,34.9,7373448,LUV
08/13/20,34.71,35.6999,34.6213,34.71,8576839,LUV
08/12/20,35.83,36.08,34.3611,35.25,13028990,LUV
08/11/20,36.61,37.44,35.07,35.29,21870250,LUV
08/10/20,33.65,35.145,33.55,34.99,15958000,LUV
08/07/20,32.84,33.3,32.69,33.28,9381196,LUV
08/06/20,33.26,33.35,32.315,33.02,15007850,LUV
08/05/20,31.9,33.1997,31.79,32.72,15269880,LUV
08/04/20,31.7,32.27,31.38,31.4,12040130,LUV
08/03/20,30.75,32.15,30.295,31.58,13471910,LUV
07/31/20,30.8,31.02,30.24,30.89,11131690,LUV
07/30/20,31.33,31.65,30.77,30.96,12316530,LUV
07/29/20,32.58,32.63,31.48,31.79,11150810,LUV
07/28/20,31.51,32.67,31.48,32.29,10257630,LUV
07/27/20,31.57,31.93,31.235,31.53,9759043,LUV
07/24/20,32.31,32.45,31.57,31.66,14976690,LUV
07/23/20,32.75,34.16,32.0626,32.79,22888539,LUV
07/22/20,33.5,33.91,33.05,33.3,10424030,LUV
07/21/20,33.33,34.16,33.25,33.62,11942940,LUV
07/20/20,33.97,34.295,32.73,32.98,12541750,LUV
07/17/20,34.07,34.52,33.8176,34.13,7792962,LUV
07/16/20,34.83,35.08,33.9,34.21,11389900,LUV
07/15/20,35.03,36.095,34.27,35.75,21286070,LUV
07/14/20,31.84,33.38,31.75,33.25,11588770,LUV
07/13/20,33.42,33.53,32.27,32.64,15503430,LUV
07/10/20,31.16,33.35,31.16,33.22,14939510,LUV
07/09/20,32.47,32.73,31.3,31.57,17209471,LUV
07/08/20,32.56,33.47,32.07,32.89,16028350,LUV
07/07/20,33.49,33.54,32.94,33.01,10922120,LUV
07/06/20,34.72,34.88,33.15,34.3,16454930,LUV
07/02/20,34.7,34.9186,33.9607,34.12,12300630,LUV
07/01/20,35.29,35.5983,33.67,33.81,16126970,LUV
06/30/20,34.98,34.99,33.57,34.18,18758369,LUV
06/29/20,33.15,35.36,32.33,35.04,25720779,LUV
06/26/20,33.13,33.15,31.18,31.96,23961980,LUV
06/25/20,31.19,33.06,30.94,32.97,18182609,LUV
06/24/20,34.0,34.27,32.23,32.25,19031730,LUV
06/23/20,34.78,34.8,33.85,34.75,15215010,LUV
06/22/20,34.03,34.82,33.6418,34.36,14395710,LUV
06/19/20,36.57,36.61,33.95,34.55,20498961,LUV
06/18/20,35.65,36.565,35.41,35.85,13810120,LUV
06/17/20,36.24,36.8,35.67,36.31,18721051,LUV
06/16/20,38.51,38.63,35.52,36.57,30327520,LUV
06/15/20,33.8,36.92,33.61,36.34,23794660,LUV
06/12/20,36.06,36.99,34.31,35.87,26920391,LUV
06/11/20,32.94,35.17,32.5,32.83,28556971,LUV
06/10/20,36.01,38.2,34.76,37.14,37974180,LUV
06/09/20,38.36,38.81,36.58,38.01,26724410,LUV
06/08/20,40.14,40.61,38.7,40.59,31340961,LUV
06/05/20,41.98,42.35,37.57,38.18,54289273,LUV
06/04/20,37.79,39.76,36.6,38.27,54234480,LUV
06/03/20,35.07,36.9469,34.9,36.42,26644949,LUV
06/02/20,34.86,35.2,34.03,34.48,22875730,LUV
06/01/20,32.3,34.4,32.16,33.62,20877770,LUV
05/29/20,31.48,32.82,31.2,32.1,19763230,LUV
05/28/20,33.9,34.095,32.34,32.55,24802090,LUV
05/27/20,34.9,35.16,31.4,33.66,44902352,LUV
05/26/20,31.71,32.935,31.44,32.52,41232500,LUV
05/22/20,29.76,29.98,28.31,28.87,17558230,LUV
05/21/20,29.31,30.12,29.02,29.6,22166520,LUV
05/20/20,28.47,29.33,28.1724,29.15,27248980,LUV
05/19/20,28.5,28.85,26.9301,27.69,35768207,LUV
05/18/20,25.75,27.24,25.55,27.09,27200461,LUV
05/15/20,24.37,24.87,23.75,23.87,18679789,LUV
05/14/20,23.38,24.81,22.465,24.78,23187180,LUV
05/13/20,25.02,25.1,23.52,24.0,22892449,LUV
05/12/20,26.19,26.62,25.14,25.24,16904410,LUV
05/11/20,26.62,26.86,25.78,26.09,20841480,LUV
05/08/20,26.04,27.23,25.91,27.2,19156090,LUV
05/07/20,24.99,26.27,24.95,25.45,24535910,LUV
05/06/20,26.55,26.74,24.77,24.93,36971840,LUV
05/05/20,28.07,28.13,26.175,26.42,36676879,LUV
05/04/20,27.23,27.94,26.5,27.56,43447680,LUV
05/01/20,30.5,30.955,28.75,29.23,36353793,LUV
04/30/20,30.71,31.69,30.18,31.25,62444660,LUV
04/29/20,29.49,31.795,29.43,30.97,101007797,LUV
04/28/20,29.12,30.48,28.25,29.69,54153871,LUV
04/27/20,29.79,29.91,28.85,29.11,14224470,LUV
04/24/20,30.2,30.43,28.8,29.33,15157120,LUV
04/23/20,29.81,30.775,29.59,30.14,11631590,LUV
04/22/20,30.63,30.81,28.8,29.71,15697220,LUV
04/21/20,30.05,31.23,29.6,30.11,12562700,LUV
04/20/20,30.64,31.48,29.51,31.06,14553900,LUV
04/17/20,32.5,32.95,30.9,31.19,20139900,LUV
04/16/20,32.12,32.35,30.2,30.68,17862320,LUV
04/15/20,35.15,35.26,32.52,32.82,20028660,LUV
04/14/20,35.17,36.05,34.71,34.78,8860162,LUV
04/13/20,36.72,36.72,33.75,34.26,9067547,LUV
04/09/20,36.3,37.31,35.13,36.47,10383690,LUV
04/08/20,33.56,34.78,32.63,34.3,8923805,LUV
04/07/20,33.84,35.43,32.32,32.77,14036120,LUV
04/06/20,31.79,31.96,30.0,30.7,13729000,LUV
04/03/20,31.33,31.88,29.73,30.54,9915912,LUV
04/02/20,32.11,32.84,30.87,31.5,7853467,LUV
04/01/20,34.05,34.2,31.81,32.04,8545871,LUV
03/31/20,35.27,37.47,34.95,35.61,7801069,LUV
03/30/20,35.52,37.15,34.5,35.1,7443313,LUV
03/27/20,39.84,40.135,36.1,36.38,8297372,LUV
03/26/20,40.9,43.56,40.06,41.23,8990799,LUV
03/25/20,41.52,41.7262,37.31,39.4,16346740,LUV
03/24/20,38.2,39.13,36.05,37.66,12803070,LUV
03/23/20,31.69,34.49,30.25,33.73,9616821,LUV
03/20/20,32.06,33.95,29.65,31.94,12617850,LUV
03/19/20,34.65,35.05,30.5,30.86,18052641,LUV
03/18/20,35.78,36.42,29.15,35.15,14219630,LUV
03/17/20,38.21,40.69,36.0,38.25,8133512,LUV
03/16/20,36.5,39.45,35.85,37.52,15849920,LUV
03/13/20,39.19,41.28,36.31,41.28,14308770,LUV
03/12/20,39.33,40.6,35.6101,36.07,16353390,LUV
03/11/20,43.99,44.38,41.63,42.49,10512430,LUV
03/10/20,45.28,45.85,42.51,45.56,9366888,LUV
03/09/20,42.89,45.61,42.72,43.62,9602323,LUV
03/06/20,43.56,46.8,42.72,45.73,10708130,LUV
03/05/20,45.06,45.7,44.18,45.25,10774800,LUV
03/04/20,45.89,47.065,44.855,46.93,8990316,LUV
03/03/20,47.54,48.3934,45.05,45.21,7338136,LUV
03/02/20,46.54,47.18,44.34,46.95,9043193,LUV
02/28/20,45.07,46.77,44.98,46.19,11854050,LUV
02/27/20,47.15,49.2057,45.64,46.63,10355850,LUV
02/26/20,50.09,50.48,48.08,48.9,9289924,LUV
02/25/20,54.41,54.5,49.55,49.66,9351708,LUV
02/24/20,54.87,54.99,53.3529,54.11,7538409,LUV
02/21/20,56.53,56.8,55.46,56.53,2324591,LUV
02/20/20,57.04,57.51,56.71,56.94,2924965,LUV
02/19/20,57.68,57.74,57.06,57.11,2135139,LUV
02/18/20,58.0,58.34,57.38,57.6,3086560,LUV
02/14/20,58.68,58.83,57.89,57.97,2481776,LUV
02/13/20,58.06,58.685,57.845,58.54,2401816,LUV
02/12/20,58.27,58.655,58.0,58.48,2234541,LUV
02/11/20,57.82,58.585,57.59,57.93,2848551,LUV
02/10/20,57.2,57.49,56.53,57.42,2882148,LUV
02/07/20,57.46,57.71,56.99,57.26,2703562,LUV
02/06/20,57.38,58.01,57.075,57.72,4332037,LUV
02/05/20,56.43,57.23,56.12,56.95,3162737,LUV
02/04/20,55.99,56.365,55.5,55.68,3619435,LUV
02/03/20,55.41,55.733999999999995,54.69,55.22,4071269,LUV
01/31/20,55.62,55.92,54.63,54.98,5552350,LUV
01/30/20,55.31,56.47,55.22,55.83,5129592,LUV
01/29/20,57.75,58.1902,56.82,56.89,6667193,LUV
01/28/20,56.59,57.73,56.39,57.6,6242279,LUV
01/27/20,55.23,56.66,55.15,56.25,8275105,LUV
01/24/20,55.61,56.56,54.96,56.55,7995110,LUV
01/23/20,53.0,55.46,51.85,55.4,6784753,LUV
01/22/20,53.9,54.28,53.46,53.48,5303646,LUV
01/21/20,54.63,55.07,53.18,53.54,6753491,LUV
01/17/20,55.41,55.49,54.76,55.01,3999891,LUV
01/16/20,55.38,55.68,55.075,55.3,2950482,LUV
01/15/20,54.29,55.095,54.115,55.03,4097508,LUV
01/14/20,54.58,55.175,54.34,54.49,5007384,LUV
01/13/20,53.94,54.075,53.605,53.99,3958671,LUV
01/10/20,54.35,54.4,53.69,53.94,4051370,LUV
01/09/20,54.5,54.82,54.2,54.3,3850898,LUV
01/08/20,53.68,54.66,53.64,54.37,4103073,LUV
01/07/20,54.33,54.4,53.88,54.29,2999946,LUV
01/06/20,53.69,54.56,53.48,54.13,4200277,LUV
01/03/20,53.6,54.42,53.04,54.35,3536078,LUV
01/02/20,54.38,54.87,54.285,54.84,3508411,LUV
12/31/19,54.04,54.12,53.82,53.98,2881102,LUV
12/30/19,54.32,54.4,53.82,54.08,2696286,LUV
12/27/19,54.97,55.0,54.06,54.32,3348246,LUV
12/26/19,54.94,55.34,54.6,54.9,1930797,LUV
12/24/19,55.27,55.3235,54.67,54.94,1326390,LUV
12/23/19,54.81,56.09,54.67,55.25,7845761,LUV
12/20/19,54.28,54.7,54.01,54.63,7820050,LUV
12/19/19,53.51,54.2,53.51,54.08,3833839,LUV
12/18/19,54.35,54.54,53.425,53.6,3930633,LUV
12/17/19,54.3,55.11,54.02,54.18,3966128,LUV
12/16/19,54.55,54.925,54.335,54.35,3294340,LUV
12/13/19,54.34,54.85,54.13,54.15,2705361,LUV
12/12/19,54.46,55.42,54.16,54.49,4054921,LUV
12/11/19,54.54,54.85,53.81,54.0,4881540,LUV
12/10/19,55.29,55.58,54.755,54.91,2785028,LUV
12/09/19,55.81,55.94,55.4101,55.47,2601912,LUV
12/06/19,55.82,56.27,55.77,55.94,2257048,LUV
12/05/19,56.05,56.18,55.49,55.53,2791748,LUV
12/04/19,56.08,56.55,55.76,55.78,3379706,LUV
12/03/19,56.2,56.34,55.62,55.93,3679313,LUV
12/02/19,57.6,57.8,56.7,56.72,2977369,LUV
11/29/19,57.75,57.95,57.465,57.64,1098366,LUV
11/27/19,57.67,57.95,57.39,57.75,1627596,LUV
11/26/19,57.78,57.89,57.12,57.59,2666472,LUV
11/25/19,57.2,57.77,56.84,57.56,2076445,LUV
11/22/19,56.81,57.12,56.6,57.01,1530338,LUV
11/21/19,56.85,57.07,56.54,56.59,2125969,LUV
11/20/19,57.33,57.485,56.26,56.83,3125779,LUV
11/19/19,57.99,58.05,57.2968,57.55,2103575,LUV
11/18/19,57.68,57.8,57.195,57.78,2205234,LUV
11/15/19,57.89,58.15,57.68,57.79,1647684,LUV
11/14/19,57.24,57.72,57.08,57.63,1901429,LUV
11/13/19,57.6,57.8401,57.45,57.59,1949389,LUV
11/12/19,58.34,58.41,57.665,57.85,1936039,LUV
11/11/19,58.01,58.295,57.2,58.26,3172672,LUV
11/08/19,58.2,58.35,57.8892,58.18,2520613,LUV
11/07/19,58.0,58.495,57.86,58.24,2860871,LUV
11/06/19,57.9,57.9,57.04,57.86,2649222,LUV
11/05/19,57.16,57.98,57.01,57.88,2897927,LUV
11/04/19,56.53,56.99,56.37,56.98,2368009,LUV
11/01/19,56.34,56.37,55.85,56.26,2364459,LUV
10/31/19,56.55,56.64,55.73,56.13,2555208,LUV
10/30/19,57.19,57.27,56.48,57.04,2280459,LUV
10/29/19,57.61,57.9,57.145,57.21,3074838,LUV
10/28/19,56.92,57.82,56.83,57.64,5439364,LUV
10/25/19,56.07,56.8,55.73,56.74,4044002,LUV
10/24/19,54.2,57.1,54.0,56.29,10544350,LUV
10/23/19,52.93,53.41,52.66,53.24,5051720,LUV
10/22/19,53.12,53.51,52.29,52.92,5636188,LUV
10/21/19,54.31,54.31,53.14,53.23,6857686,LUV
10/18/19,53.87,54.72,53.45,53.48,7672894,LUV
10/17/19,54.05,54.21,53.69,53.86,3885213,LUV
10/16/19,54.16,54.6,53.655,53.67,4425752,LUV
10/15/19,53.99,54.78,53.65,54.16,3545529,LUV
10/14/19,53.72,54.3,53.72,54.03,1954963,LUV
10/11/19,54.37,54.61,53.88,53.92,3067811,LUV
10/10/19,52.7,53.84,52.6,53.67,2860376,LUV
10/09/19,53.57,54.14,53.13,53.49,3717760,LUV
10/08/19,52.73,53.715,52.41,53.03,3753307,LUV
10/07/19,53.0,53.45,52.78,53.04,2801296,LUV
10/04/19,52.16,52.99,52.16,52.79,2871283,LUV
10/03/19,52.04,52.44,51.26,52.26,4533526,LUV
10/02/19,52.72,53.0,51.19,52.04,5532440,LUV
10/01/19,54.29,54.9,53.29,53.37,4234103,LUV
09/30/19,54.4,54.69,53.73,54.01,3842700,LUV
09/27/19,54.9,55.17,54.06,54.34,3162195,LUV
09/26/19,54.87,55.18,54.44,54.58,2558808,LUV
09/25/19,54.76,55.34,54.52,54.82,2120577,LUV
09/24/19,54.94,55.18,54.07,54.73,3429240,LUV
09/23/19,54.35,54.76,53.96,54.48,3244157,LUV
09/20/19,55.16,55.44,54.27,54.49,7081985,LUV
09/19/19,56.09,56.21,55.06,55.08,4070728,LUV
09/18/19,55.7,56.49,55.6,56.23,4517418,LUV
09/17/19,55.25,56.28,55.21,55.73,4281421,LUV
09/16/19,54.39,55.86,54.06,55.81,4727300,LUV
09/13/19,55.98,56.3524,55.65,55.79,4400799,LUV
09/12/19,54.79,55.465,54.3,54.98,2963452,LUV
09/11/19,53.47,54.86,53.04,54.71,5496018,LUV
09/10/19,53.29,53.63,52.88,53.38,3196232,LUV
09/09/19,52.14,53.295,51.82,53.08,3127554,LUV
09/06/19,52.75,53.15,52.08,52.14,2773605,LUV
09/05/19,52.6,53.13,52.44,52.52,3236445,LUV
09/04/19,51.83,52.29,51.01,52.1,3166998,LUV
09/03/19,51.89,52.24,50.91,51.38,4297988,LUV
08/30/19,52.6,53.19,52.18,52.32,3274715,LUV
08/29/19,51.66,52.39,51.605,52.3,3851890,LUV
08/28/19,50.24,51.52,50.12,51.16,2614885,LUV
08/27/19,50.97,51.12,50.19,50.49,2519088,LUV
08/26/19,50.94,51.16,50.24,50.69,3608750,LUV
08/23/19,50.95,51.94,50.23,50.56,4692193,LUV
08/22/19,50.81,51.57,50.66,51.19,3472220,LUV
08/21/19,50.41,50.89,50.35,50.59,2097666,LUV
08/20/19,50.45,50.47,49.73,50.02,2296956,LUV
08/19/19,50.33,50.95,50.3,50.64,3540089,LUV
08/16/19,48.7,50.01,48.55,49.79,2997225,LUV
08/15/19,48.91,49.04,48.0896,48.21,2935637,LUV
08/14/19,49.42,49.44,48.22,48.76,3654190,LUV
08/13/19,49.4,50.95,49.36,49.92,3242337,LUV
08/12/19,50.02,50.15,49.54,50.05,2112122,LUV
08/09/19,50.23,50.76,50.0615,50.45,2594292,LUV
08/08/19,50.24,50.8,49.91,50.49,3673345,LUV
08/07/19,49.18,50.165,48.77,49.93,3592429,LUV
08/06/19,49.39,49.79,49.05,49.71,3234929,LUV
08/05/19,50.0,50.0,48.4,48.96,5156510,LUV
08/02/19,50.84,50.97,50.25,50.62,3142474,LUV
08/01/19,51.53,52.28,50.42,50.96,4588143,LUV
07/31/19,52.55,52.71,51.3946,51.53,4985480,LUV
07/30/19,52.55,52.8,52.15,52.55,2794398,LUV
07/29/19,53.15,53.69,52.69,52.88,3785900,LUV
07/26/19,54.86,54.86,53.14,53.25,5835404,LUV
07/25/19,53.33,55.94,52.41,54.91,8684152,LUV
07/24/19,54.0,54.94,53.85,54.72,4756563,LUV
07/23/19,52.75,54.25,52.73,54.12,3399875,LUV
07/22/19,52.31,53.095,52.27,52.68,3567169,LUV
07/19/19,52.53,52.9349,52.0,52.02,4285522,LUV
07/18/19,52.17,52.73,51.9,52.44,2969491,LUV
07/17/19,53.13,53.13,52.265,52.3,3712772,LUV
07/16/19,52.28,53.785,52.28,53.28,3601093,LUV
07/15/19,52.35,53.0,52.18,52.26,3191442,LUV
07/12/19,52.0,52.81,51.82,52.51,2643132,LUV
07/11/19,52.17,52.23,51.77,51.84,2094558,LUV
07/10/19,51.91,52.34,51.72,51.86,3223980,LUV
07/09/19,51.71,52.24,51.47,51.69,3122088,LUV
07/08/19,51.6,52.29,51.41,52.08,3164718,LUV
07/05/19,51.85,52.25,51.46,51.88,2113246,LUV
07/03/19,51.77,52.23,51.58,51.89,2716995,LUV
07/02/19,51.91,52.25,51.03,51.43,2909522,LUV
07/01/19,51.2,51.83,51.045,51.54,3352178,LUV
06/28/19,50.96,51.18,50.65,50.78,5965414,LUV
06/27/19,50.76,51.47,50.5,50.74,3856748,LUV
06/26/19,51.07,51.38,50.35,50.7,3847570,LUV
06/25/19,51.12,51.61,50.955,51.0,2953988,LUV
06/24/19,51.46,51.5,50.91,51.22,2384179,LUV
06/21/19,51.52,51.99,51.12,51.25,4733668,LUV
06/20/19,51.82,51.905,51.03,51.52,3884333,LUV
06/19/19,52.0,52.1,50.89,51.51,3903733,LUV
06/18/19,51.43,52.46,51.16,51.7,3068900,LUV
06/17/19,51.61,51.7,51.07,51.18,2811221,LUV
06/14/19,52.54,52.59,51.3758,51.82,2535282,LUV
06/13/19,51.11,52.75,51.07,52.38,4241808,LUV
06/12/19,50.59,51.11,50.42,50.81,2572791,LUV
06/11/19,50.56,51.136,50.27,50.58,2949035,LUV
06/10/19,50.85,51.33,50.28,50.3,3016632,LUV
06/07/19,50.16,50.96,50.08,50.37,2032364,LUV
06/06/19,50.25,50.5,49.54,49.98,2385921,LUV
06/05/19,49.59,50.29,49.4,50.22,4456206,LUV
06/04/19,48.24,49.22,48.17,48.95,6212733,LUV
06/03/19,47.6,48.35,47.395,47.79,5231218,LUV
05/31/19,48.91,49.01,47.441,47.6,5193949,LUV
05/30/19,49.57,49.89,49.06,49.39,2792344,LUV
05/29/19,50.15,50.15,49.105,49.56,3703345,LUV
05/28/19,50.73,50.93,49.985,50.03,3446591,LUV
05/24/19,51.11,51.56,50.88,51.15,2311899,LUV
05/23/19,52.05,52.05,50.36,50.96,5438233,LUV
05/22/19,53.24,53.52,52.52,52.57,3192122,LUV
05/21/19,52.55,53.435,52.4,53.37,3471360,LUV
05/20/19,51.78,52.51,51.73,52.01,2658173,LUV
05/17/19,52.06,52.975,51.95,52.24,2173579,LUV
05/16/19,52.17,53.01,52.0,52.59,3176112,LUV
05/15/19,51.01,52.44,50.71,52.01,3086639,LUV
05/14/19,51.12,51.9387,50.9,51.65,2616060,LUV
05/13/19,51.77,51.84,50.78,51.04,3285743,LUV
05/10/19,52.15,52.88,51.18,52.74,2564719,LUV
05/09/19,51.9,52.52,51.8,52.46,2749105,LUV
05/08/19,51.89,52.885,51.61,52.41,3464828,LUV
05/07/19,53.04,53.12,51.45,52.21,4893864,LUV
05/06/19,52.81,53.61,52.72,53.48,2307834,LUV
05/03/19,53.52,53.93,53.285,53.62,2502070,LUV
05/02/19,53.99,54.49,53.36,53.37,2904042,LUV
05/01/19,54.6,54.61,53.855,53.9,2514174,LUV
04/30/19,53.93,54.56,53.52,54.23,3861006,LUV
04/29/19,52.99,54.07,52.74,53.83,4029682,LUV
04/26/19,53.25,53.55,52.94,52.98,3939404,LUV
04/25/19,53.12,54.855,52.6368,53.35,7115860,LUV
04/24/19,52.91,53.04,52.39,52.93,4074186,LUV
04/23/19,51.78,52.92,51.56,52.79,3600144,LUV
04/22/19,51.86,52.065,51.46,51.71,2971511,LUV
04/18/19,52.66,52.77,51.895,52.18,3342142,LUV
04/17/19,53.39,53.63,52.47,52.76,2570951,LUV
04/16/19,52.26,52.965,51.98,52.78,2941026,LUV
04/15/19,53.06,53.06,52.28,52.29,2524817,LUV
04/12/19,53.27,53.64,52.71,53.13,2738510,LUV
04/11/19,52.75,53.51,52.69,53.0,3287063,LUV
04/10/19,52.57,52.76,51.72,52.62,3910811,LUV
04/09/19,51.63,52.075,51.38,51.89,3380759,LUV
04/08/19,52.26,52.5,51.67,51.94,7001738,LUV
04/05/19,53.25,53.73,53.055,53.25,2531833,LUV
04/04/19,53.25,53.3,52.21,53.18,2799462,LUV
04/03/19,52.95,53.52,52.82,52.89,3098330,LUV
04/02/19,53.17,53.43,52.1529,52.71,4412752,LUV
04/01/19,52.27,53.05,52.02,52.41,6313016,LUV
03/29/19,50.58,52.1,50.45,51.91,6669652,LUV
03/28/19,49.8,50.72,49.72,50.45,7368850,LUV
03/27/19,48.5,50.25,48.5,49.83,8071813,LUV
03/26/19,48.85,49.48,48.58,48.75,3821374,LUV
03/25/19,49.26,49.54,48.53,48.69,4501777,LUV
03/22/19,50.42,50.515,49.3,49.32,4834862,LUV
03/21/19,49.7,51.025,49.7,50.74,5574125,LUV
03/20/19,50.5,50.7,49.405,49.7,5785980,LUV
03/19/19,51.17,51.72,50.475,50.74,4319656,LUV
03/18/19,51.34,51.5323,51.0,51.08,4217285,LUV
03/15/19,51.16,51.72,50.95,51.37,7146458,LUV
03/14/19,50.78,51.59,50.61,51.16,7699817,LUV
03/13/19,50.89,51.78,48.58,50.61,12543770,LUV
03/12/19,51.38,51.43,49.91,50.4,8766957,LUV
03/11/19,49.9,51.64,49.82,51.61,6185725,LUV
03/08/19,52.01,52.01,51.32,51.77,4648089,LUV
03/07/19,52.83,53.18,51.9597,52.43,5552183,LUV
03/06/19,53.5,53.78,52.76,53.06,5114949,LUV
03/05/19,54.0,54.395,53.32,53.39,5211595,LUV
03/04/19,54.22,54.56,53.26,53.83,4526463,LUV
03/01/19,56.28,56.58,54.05,54.34,9041394,LUV
02/28/19,53.89,56.96,53.68,56.04,15308190,LUV
02/27/19,53.49,54.2,53.31,53.85,5569212,LUV
02/26/19,53.96,54.63,53.665,53.69,5806588,LUV
02/25/19,53.91,54.2,53.6,53.96,5650644,LUV
02/22/19,54.13,54.39,53.47,53.62,4569626,LUV
02/21/19,54.2,54.75,54.05,54.31,4916620,LUV
02/20/19,55.04,55.39,54.18,54.41,11873120,LUV
02/19/19,57.35,58.16,56.66,57.67,5656311,LUV
02/15/19,58.5,58.6,57.64,57.7,4992007,LUV
02/14/19,57.61,58.49,57.15,58.0,5013540,LUV
02/13/19,57.97,58.57,57.805,58.0,3969159,LUV
02/12/19,58.28,58.74,57.51,57.7,3612984,LUV
02/11/19,58.07,58.44,57.6,58.28,4081730,LUV
02/08/19,56.97,57.65,56.81,57.65,3151414,LUV
02/07/19,57.17,57.67,57.12,57.48,3130502,LUV
02/06/19,57.55,57.72,56.64,57.61,5305631,LUV
02/05/19,58.5,58.77,57.53,57.88,5130914,LUV
02/04/19,57.2,58.31,57.145,58.29,4426939,LUV
02/01/19,56.99,58.0,56.91,57.13,3610393,LUV
01/31/19,57.49,57.64,56.405,56.76,4658957,LUV
01/30/19,56.66,57.815,56.58,57.49,6768683,LUV
01/29/19,55.65,56.54,55.38,56.37,5231860,LUV
01/28/19,54.89,55.955,54.89,55.52,5073222,LUV
01/25/19,55.0,55.69,54.05,54.98,7351874,LUV
01/24/19,53.75,54.87,52.72,54.21,11000850,LUV
01/23/19,50.88,51.31,50.06,51.02,4721327,LUV
01/22/19,51.25,51.535,50.24,50.54,4153889,LUV
01/18/19,50.91,51.58,50.6,51.57,3236424,LUV
01/17/19,49.74,50.9328,49.62,50.59,3483143,LUV
01/16/19,50.36,50.73,49.75,49.78,4640262,LUV
01/15/19,49.01,50.02,48.86,49.61,4408949,LUV
01/14/19,48.18,49.29,47.7,48.76,3908801,LUV
01/11/19,48.65,48.86,47.85,48.52,3568926,LUV
01/10/19,47.49,49.03,46.9,48.99,5424768,LUV
01/09/19,47.63,49.265,47.57,49.08,3489555,LUV
01/08/19,48.5,48.59,47.21,47.54,4462644,LUV
01/07/19,47.84,48.26,47.1696,47.87,5194720,LUV
01/04/19,45.99,48.0601,45.99,47.86,4762085,LUV
01/03/19,46.48,46.57,44.61,45.61,4404922,LUV
01/02/19,46.05,47.2,45.47,47.14,4081331,LUV
12/31/18,46.94,47.14,46.055,46.48,3805140,LUV
12/28/18,47.0,47.5,46.59,46.76,3135751,LUV
12/27/18,46.27,46.82,45.11,46.8,3281226,LUV
12/26/18,44.75,46.76,44.28,46.72,3929467,LUV
12/24/18,45.56,45.69,44.35,44.4,3782172,LUV
12/21/18,47.07,47.81,45.765,45.95,8357674,LUV
12/20/18,48.52,48.88,46.4068,47.07,4759320,LUV
12/19/18,49.37,49.98,48.35,48.78,4350560,LUV
12/18/18,49.89,50.15,49.35,49.6,3560616,LUV
12/17/18,49.84,50.105,48.53,49.39,5814295,LUV
12/14/18,49.62,51.08,49.58,50.09,3998719,LUV
12/13/18,50.88,51.0,49.36,50.34,6866661,LUV
12/12/18,51.48,51.5,50.55,50.9,4137859,LUV
12/11/18,51.58,51.61,50.68,51.08,2970923,LUV
12/10/18,51.54,51.8,50.193999999999996,51.14,5006392,LUV
12/07/18,53.23,53.39,51.14,51.36,6238726,LUV
12/06/18,52.57,53.85,52.26,53.6,7603719,LUV
12/04/18,53.62,54.17,52.13,52.8,5877321,LUV
12/03/18,54.9,55.68,54.2289,54.37,4041944,LUV
11/30/18,53.43,54.655,53.3,54.61,4546969,LUV
11/29/18,52.82,53.57,52.82,53.23,2929061,LUV
11/28/18,53.05,53.08,52.17,53.08,3813867,LUV
11/27/18,53.08,53.97,52.69,52.79,6216922,LUV
11/26/18,53.05,53.48,52.47,52.76,4319665,LUV
11/23/18,52.72,53.218,52.16,52.68,2216560,LUV
11/21/18,51.8,53.21,51.735,52.25,2952813,LUV
11/20/18,51.84,52.37,51.33,51.57,3373544,LUV
11/19/18,52.75,52.8412,52.075,52.39,3019263,LUV
11/16/18,52.85,52.99,51.68,52.58,4770355,LUV
11/15/18,52.0,53.5,51.73,53.23,5051807,LUV
11/14/18,52.76,53.44,52.25,52.48,4346574,LUV
11/13/18,52.1,53.0665,52.09,52.73,6528668,LUV
11/12/18,52.4,52.72,51.54,51.89,3947201,LUV
11/09/18,52.78,53.51,52.1245,52.49,4229979,LUV
11/08/18,52.7,53.03,52.34,52.72,4634254,LUV
11/07/18,52.1,53.31,51.95,52.88,4862519,LUV
11/06/18,51.45,52.445,51.25,51.86,8061203,LUV
11/05/18,51.67,51.78,51.06,51.42,6203831,LUV
11/02/18,51.0,52.55,51.0,51.82,8457958,LUV
11/01/18,49.3,51.04,49.3,50.95,6778582,LUV
10/31/18,49.34,50.12,49.05,49.1,7568011,LUV
10/30/18,47.36,49.18,47.25,49.15,8954906,LUV
10/29/18,49.93,50.18,47.1,47.91,11202330,LUV
10/26/18,49.9,50.18,48.33,49.58,10057920,LUV
10/25/18,50.97,51.7,49.02,49.91,21643449,LUV
10/24/18,57.76,57.79,54.36,54.59,6127813,LUV
10/23/18,57.22,57.52,55.96,57.48,4253346,LUV
10/22/18,58.14,58.53,57.16,57.87,4373079,LUV
10/19/18,58.17,58.44,57.69,58.13,3757221,LUV
10/18/18,59.16,59.16,57.77,57.96,3570823,LUV
10/17/18,60.45,60.86,58.65,59.2,4664125,LUV
10/16/18,57.8,59.141000000000005,57.51,58.94,4119976,LUV
10/15/18,57.22,58.1852,57.18,57.68,3324817,LUV
10/12/18,57.94,58.23,56.72,57.38,4014431,LUV
10/11/18,57.92,58.75,56.43,57.03,7140771,LUV
10/10/18,59.36,59.38,56.88,57.33,7945400,LUV
10/09/18,60.65,60.7201,59.47,59.49,7852714,LUV
10/08/18,60.9,61.07,60.1608,60.62,3690984,LUV
10/05/18,61.68,61.865,60.67,61.05,3998210,LUV
10/04/18,61.67,61.97,61.22,61.58,2474929,LUV
10/03/18,61.38,62.0,61.26,61.68,4420827,LUV
10/02/18,61.48,61.825,60.59,61.18,4041606,LUV
10/01/18,62.61,63.2,61.54,61.7,4256977,LUV
09/28/18,62.45,63.01,61.915,62.45,3018009,LUV
09/27/18,62.5,63.16,62.44,62.71,4007885,LUV
09/26/18,61.93,62.37,61.82,62.09,2391396,LUV
09/25/18,62.0,62.34,61.12,61.65,3864124,LUV
09/24/18,63.34,63.39,61.645,62.06,4522144,LUV
09/21/18,62.69,64.02,62.67,63.77,7798029,LUV
09/20/18,63.38,63.6297,62.42,62.5,4311137,LUV
09/19/18,63.15,63.88,63.02,63.11,2756838,LUV
09/18/18,63.0,63.23,62.11,63.05,2768929,LUV
09/17/18,62.67,63.4625,62.61,63.1,3644677,LUV
09/14/18,62.22,62.56,62.03,62.43,2936373,LUV
09/13/18,61.55,62.84,61.5163,62.36,3968529,LUV
09/12/18,62.95,63.0,61.25,61.37,5364332,LUV
09/11/18,62.31,63.25,62.28,62.98,3074213,LUV
09/10/18,61.9,62.72,61.63,62.51,3675072,LUV
09/07/18,61.44,62.705,61.205,61.9,3836536,LUV
09/06/18,61.4,61.75,60.66,61.03,2512518,LUV
09/05/18,62.15,62.74,61.3,61.4,4870732,LUV
09/04/18,61.43,62.55,61.13,61.99,5588194,LUV
08/31/18,60.86,61.75,60.81,61.3,3292416,LUV
08/30/18,61.05,61.41,60.54,60.82,3083463,LUV
08/29/18,61.33,61.56,60.83,61.22,3136510,LUV
08/28/18,61.03,61.53,60.8,61.33,4382105,LUV
08/27/18,61.16,61.38,60.7,60.91,2706657,LUV
08/24/18,60.49,61.07,59.93,60.99,2702008,LUV
08/23/18,60.64,61.33,60.36,61.01,3031955,LUV
08/22/18,60.81,60.995,60.27,60.61,2177269,LUV
08/21/18,61.48,62.2,60.955,61.0,4150757,LUV
08/20/18,59.95,62.05,59.89,61.63,6105951,LUV
08/17/18,59.59,59.83,59.05,59.68,3166039,LUV
08/16/18,60.55,60.96,59.325,59.52,5345167,LUV
08/15/18,59.04,60.48,58.91,60.33,6499280,LUV
08/14/18,58.94,59.84,58.93,59.09,3298078,LUV
08/13/18,59.05,59.3721,58.52,58.84,2972911,LUV
08/10/18,58.78,59.09,58.3,58.99,3218707,LUV
08/09/18,58.86,59.28,58.81,58.99,2763633,LUV
08/08/18,58.77,59.33,58.61,58.82,4003855,LUV
08/07/18,58.15,58.64,57.84,58.09,2557924,LUV
08/06/18,57.21,57.915,57.1,57.79,2989025,LUV
08/03/18,56.83,57.49,56.8,57.41,3826909,LUV
08/02/18,56.21,56.76,55.61,56.69,3507812,LUV
08/01/18,58.12,58.34,56.44,56.52,4292573,LUV
07/31/18,58.14,59.33,58.11,58.16,5138590,LUV
07/30/18,58.08,58.43,57.52,57.9,5492175,LUV
07/27/18,56.59,58.43,56.51,58.38,8891802,LUV
07/26/18,52.1,56.88,52.03,56.7,11997010,LUV
07/25/18,52.0,52.62,51.6599,52.29,5442274,LUV
07/24/18,53.74,53.75,51.84,51.91,5782077,LUV
07/23/18,53.26,53.705,52.78,53.56,3846173,LUV
07/20/18,53.58,53.87,53.235,53.43,4674564,LUV
07/19/18,54.02,54.1,53.41,53.78,4013450,LUV
07/18/18,54.06,55.23,53.75,53.9,7258392,LUV
07/17/18,52.91,53.72,52.91,53.22,3942567,LUV
07/16/18,53.39,53.49,52.75,53.08,3714023,LUV
07/13/18,52.67,53.25,52.63,53.09,3392050,LUV
07/12/18,53.13,53.22,51.86,52.77,4102567,LUV
07/11/18,52.54,52.655,51.63,52.53,5788346,LUV
07/10/18,53.14,53.2,52.4666,53.0,3483984,LUV
07/09/18,52.9,53.52,52.58,53.26,4843624,LUV
07/06/18,52.06,53.04,52.0,52.74,5796679,LUV
07/05/18,51.77,52.05,51.56,51.86,4440947,LUV
07/03/18,51.56,52.07,51.13,51.52,2470351,LUV
07/02/18,50.63,51.59,50.5,51.54,5127497,LUV
06/29/18,50.8,51.45,50.73,50.88,4228319,LUV
06/28/18,50.72,50.98,50.19,50.7,4652941,LUV
06/27/18,51.21,51.23,50.18,50.37,6737859,LUV
06/26/18,51.59,51.59,50.94,51.17,4411088,LUV
06/25/18,51.61,51.86,50.92,51.28,7836637,LUV
06/22/18,52.86,53.54,51.88,51.91,10091770,LUV
06/21/18,51.93,53.24,51.83,53.15,8098257,LUV
06/20/18,51.99,52.03,51.53,52.0,7040944,LUV
06/19/18,52.03,52.09,51.17,51.71,4658943,LUV
06/18/18,51.83,52.51,51.38,52.37,5543440,LUV
06/15/18,51.63,52.43,51.37,52.18,8637099,LUV
06/14/18,51.6,52.07,51.4,51.94,5683884,LUV
06/13/18,51.2,51.88,51.15,51.35,6253243,LUV
06/12/18,51.05,51.17,50.58,50.97,8126809,LUV
06/11/18,50.96,51.97,50.71,50.98,9813606,LUV
06/08/18,50.54,50.82,50.23,50.48,4939458,LUV
06/07/18,50.75,50.955,50.34,50.64,5601830,LUV
06/06/18,50.35,50.83,49.93,50.75,7321731,LUV
06/05/18,51.19,51.3974,50.41,50.9,4620059,LUV
06/04/18,51.13,52.0785,51.0,51.65,5322574,LUV
06/01/18,51.2,51.54,50.625,50.96,5486938,LUV
05/31/18,51.34,51.8,50.92,51.08,7054148,LUV
05/30/18,51.75,51.84,50.9299,51.33,5442243,LUV
05/29/18,52.62,52.8,51.21,51.49,7178105,LUV
05/25/18,51.4,53.45,51.36,52.86,9292317,LUV
05/24/18,50.41,51.52,50.21,51.21,8489936,LUV
05/23/18,50.83,50.87,50.2,50.32,7580537,LUV
05/22/18,52.51,52.67,50.68,50.85,9569008,LUV
05/21/18,52.45,52.84,52.14,52.22,7236975,LUV
05/18/18,52.36,53.02,52.12,52.19,6950392,LUV
05/17/18,53.09,53.61,52.38,52.47,6222722,LUV
05/16/18,51.75,53.37,51.59,53.01,5834658,LUV
05/15/18,51.98,52.09,51.435,51.7,5241204,LUV
05/14/18,52.51,52.74,52.07,52.2,7076269,LUV
05/11/18,52.2,52.68,51.92,52.46,4890516,LUV
05/10/18,51.3,52.19,51.26,51.94,6779703,LUV
05/09/18,52.12,52.4,51.425,51.56,4222333,LUV
05/08/18,52.17,53.07,51.945,52.33,6272436,LUV
05/07/18,52.8,52.94,51.95,52.0,5045529,LUV
05/04/18,52.0,53.0955,51.905,52.78,4067817,LUV
05/03/18,52.15,52.54,51.58,52.24,4330791,LUV
05/02/18,52.98,53.4,52.19,52.21,6346360,LUV
05/01/18,52.8,53.21,52.15,52.94,4016101,LUV
04/30/18,53.62,53.78,52.705,52.83,8023218,LUV
04/27/18,53.14,53.87,52.73,53.53,4891448,LUV
04/26/18,52.19,53.79,51.0,53.3,9809752,LUV
04/25/18,53.85,54.14,52.83,53.83,5132375,LUV
04/24/18,55.32,55.38,53.43,53.88,3820021,LUV
04/23/18,54.84,55.54,54.61,54.98,4465544,LUV
04/20/18,54.85,55.21,54.34,54.77,5031650,LUV
04/19/18,55.65,55.7,54.42,54.8,4391506,LUV
04/18/18,54.5,56.52,54.38,55.82,6559866,LUV
04/17/18,55.35,55.49,53.21,54.27,8059982,LUV
04/16/18,55.3,55.75,54.56,54.89,5175678,LUV
04/13/18,55.12,55.99,54.52,55.07,4761197,LUV
04/12/18,54.09,55.94,53.78,54.94,5686723,LUV
04/11/18,53.85,54.34,53.5,53.5,3599614,LUV
04/10/18,55.5,55.58,53.6,54.13,5957660,LUV
04/09/18,55.63,55.82,54.75,54.85,5856758,LUV
04/06/18,56.43,56.665,54.85,55.29,5301864,LUV
04/05/18,56.76,57.18,56.27,56.86,3689858,LUV
04/04/18,55.06,56.49,54.85,56.36,3641840,LUV
04/03/18,54.94,56.04,54.46,55.97,4294034,LUV
04/02/18,57.19,57.19,53.79,54.34,5337023,LUV
03/29/18,56.39,57.59,56.31,57.28,3087471,LUV
03/28/18,56.71,56.92,55.87,56.25,4703104,LUV
03/27/18,57.84,57.95,56.28,56.69,4424464,LUV
03/26/18,57.5,57.86,56.9,57.59,5506633,LUV
03/23/18,56.85,57.97,56.35,56.72,6880310,LUV
03/22/18,57.51,58.27,56.98,57.0,7117450,LUV
03/21/18,58.05,58.4,56.66,57.78,13634570,LUV
03/20/18,60.73,60.99,60.5,60.69,2797102,LUV
03/19/18,60.67,61.24,60.18,60.6,4453011,LUV
03/16/18,60.27,61.375,60.2,60.9,5406440,LUV
03/15/18,59.69,60.27,59.21,59.94,3915324,LUV
03/14/18,60.37,60.83,59.3255,59.62,4682174,LUV
03/13/18,60.05,60.76,59.78,60.33,5235585,LUV
03/12/18,59.88,59.92,59.4,59.76,4605586,LUV
03/09/18,58.91,59.7,58.67,59.7,4201144,LUV
03/08/18,57.74,58.9,57.71,58.37,6476478,LUV
03/07/18,57.67,58.05,57.48,57.57,3981206,LUV
03/06/18,58.47,58.64,57.93,58.25,2930980,LUV
03/05/18,57.68,58.72,57.19,58.38,5096701,LUV
03/02/18,57.49,58.13,57.03,57.81,3806177,LUV
03/01/18,57.78,58.76,57.49,58.01,5400845,LUV
02/28/18,58.66,58.83,57.83,57.84,4825167,LUV
02/27/18,59.6,59.72,58.4661,58.48,3606303,LUV
02/26/18,58.75,59.84,58.65,59.5,5293675,LUV
02/23/18,57.8,58.03,57.47,57.99,3309965,LUV
02/22/18,58.41,58.69,57.2,57.32,4038222,LUV
02/21/18,57.82,59.29,57.66,58.03,3448206,LUV
02/20/18,58.08,58.49,57.5,57.73,3563114,LUV
02/16/18,58.41,58.88,58.205,58.27,3838663,LUV
02/15/18,58.21,58.46,57.47,58.18,3283764,LUV
02/14/18,56.94,58.38,56.85,57.73,4278848,LUV
02/13/18,56.55,57.245,56.155,57.16,3943420,LUV
02/12/18,56.14,57.28,55.71,56.81,4427135,LUV
02/09/18,56.55,56.79,54.011,55.5,6653225,LUV
02/08/18,57.88,57.9299,55.6,55.63,8789346,LUV
02/07/18,58.05,59.04,57.89,57.89,4473171,LUV
02/06/18,55.84,58.43,55.55,58.14,6963933,LUV
02/05/18,58.02,58.74,56.11,56.99,7969602,LUV
02/02/18,59.95,60.26,58.66,58.71,4480194,LUV
02/01/18,60.51,61.12,60.05,60.31,4351200,LUV
01/31/18,60.11,61.481,60.11,60.8,5724969,LUV
01/30/18,59.62,60.4699,59.62,59.83,4428473,LUV
01/29/18,60.54,60.7,60.08,60.36,6157925,LUV
01/26/18,60.87,61.57,60.26,60.82,6043595,LUV
01/25/18,63.02,63.03,59.25,60.19,11178280,LUV
01/24/18,62.63,63.57,61.83,62.21,10398040,LUV
01/23/18,64.73,65.5,64.21,65.26,4501532,LUV
01/22/18,64.86,65.045,64.4,64.89,4216318,LUV
01/19/18,65.4,65.4,64.11,65.05,5110269,LUV
01/18/18,66.08,66.28,64.76,65.06,4199467,LUV
01/17/18,65.84,66.52,65.45,66.07,4920377,LUV
01/16/18,65.51,66.11,65.01,65.47,4512671,LUV
01/12/18,65.21,65.95,64.95,65.36,3809291,LUV
01/11/18,63.63,65.55,63.31,64.84,5356293,LUV
01/10/18,62.52,63.41,62.28,62.96,7200051,LUV
01/09/18,63.28,63.71,62.25,62.38,7776787,LUV
01/08/18,64.19,64.36,63.455,64.0,4552819,LUV
01/05/18,64.9,64.94,63.88,64.32,3160878,LUV
01/04/18,65.0,65.03,64.14,64.7,4161397,LUV
01/03/18,66.12,66.19,64.6,64.91,5006384,LUV
01/02/18,65.91,66.37,65.51,66.29,3791454,LUV
12/29/17,66.0,66.075,65.44,65.45,1977177,LUV
12/28/17,66.0,66.02,65.51,65.87,2164922,LUV
12/27/17,65.94,66.0,65.56,65.96,3639896,LUV
12/26/17,65.76,66.3302,65.76,65.98,2041482,LUV
12/22/17,66.3,66.32,65.56,65.97,2243753,LUV
12/21/17,66.5,66.985,65.98,66.03,3419359,LUV
12/20/17,66.4,66.47,65.44,66.09,5166887,LUV
12/19/17,66.0,66.23,65.37,65.92,3969234,LUV
12/18/17,65.1,65.75,64.75,65.7,4475757,LUV
12/15/17,64.23,64.92,63.81,64.7,6470954,LUV
12/14/17,63.86,64.7,63.69,63.85,5062050,LUV
12/13/17,63.7,63.72,63.02,63.14,4194119,LUV
12/12/17,63.46,63.945,63.28,63.43,3218768,LUV
12/11/17,63.48,63.73,62.92,63.32,4372054,LUV
12/08/17,63.41,63.955,63.15,63.33,4377584,LUV
12/07/17,60.9,63.08,60.66,63.02,5778817,LUV
12/06/17,61.68,61.87,61.0,61.12,2886666,LUV
12/05/17,62.2,62.3,61.22,61.72,4509003,LUV
12/04/17,61.66,62.89,60.84,62.03,9064386,LUV
12/01/17,60.51,61.64,59.51,59.92,6185509,LUV
11/30/17,58.91,61.51,58.9,60.67,13382150,LUV
11/29/17,56.55,59.65,56.51,58.88,9702563,LUV
11/28/17,54.66,56.22,54.51,56.17,6663917,LUV
11/27/17,55.14,55.23,54.49,54.6,3129130,LUV
11/24/17,55.03,55.33,54.93,55.14,1374039,LUV
11/22/17,55.28,55.55,54.92,55.09,3257975,LUV
11/21/17,54.66,55.48,54.61,55.43,4025549,LUV
11/20/17,54.85,54.92,54.2,54.65,4087448,LUV
11/17/17,55.01,55.17,54.3,54.71,3104575,LUV
11/16/17,55.02,55.5,54.65,55.27,4550302,LUV
11/15/17,53.65,54.8,53.0,54.63,4895653,LUV
11/14/17,52.96,53.85,52.92,53.75,3061323,LUV
11/13/17,53.38,53.48,52.78,53.25,2982027,LUV
11/10/17,53.4,53.74,53.24,53.49,2485915,LUV
11/09/17,53.72,54.1399,53.27,53.46,3896904,LUV
11/08/17,53.74,54.37,53.46,54.01,3093445,LUV
11/07/17,54.6,54.6,53.8,53.87,3278013,LUV
11/06/17,54.09,55.15,54.09,54.52,3693962,LUV
11/03/17,53.99,54.245,53.6075,54.14,3057635,LUV
11/02/17,54.0,54.09,53.45,53.99,3080692,LUV
11/01/17,54.03,54.46,53.54,53.99,4230275,LUV
10/31/17,54.66,54.66,53.83,53.86,4230349,LUV
10/30/17,54.04,55.1,53.78,54.73,4518766,LUV
10/27/17,55.13,55.53,53.54,54.11,8995849,LUV
10/26/17,57.42,58.72,54.19,55.11,14331670,LUV
10/25/17,58.82,58.82,56.46,57.16,10577600,LUV
10/24/17,58.84,59.1,58.34,58.8,4289300,LUV
10/23/17,59.5,59.89,58.57,58.76,4580235,LUV
10/20/17,58.83,59.54,58.81,59.37,4905769,LUV
10/19/17,58.45,59.09,57.45,58.63,5945450,LUV
10/18/17,58.72,58.9869,58.54,58.83,2580754,LUV
10/17/17,59.0,59.81,58.64,58.73,3673771,LUV
10/16/17,58.95,59.18,58.49,58.88,4839954,LUV
10/13/17,58.83,59.155,58.51,59.12,3138689,LUV
10/12/17,58.78,59.4,58.59,58.81,3509897,LUV
10/11/17,58.01,58.8,58.01,58.55,4194570,LUV
10/10/17,58.73,59.18,57.9,58.01,5023268,LUV
10/09/17,58.5,58.84,57.39,57.66,3789057,LUV
10/06/17,58.16,59.45,57.99,58.44,3984212,LUV
10/05/17,58.5,58.5,57.82,58.29,3704234,LUV
10/04/17,58.51,59.57,58.34,58.38,6477491,LUV
10/03/17,55.94,58.555,55.8,58.51,7545001,LUV
10/02/17,56.02,56.27,55.6,55.99,4316613,LUV
09/29/17,56.21,56.65,55.87,55.98,3751346,LUV
09/28/17,55.8,56.49,55.6,56.17,5718345,LUV
09/27/17,55.99,56.5611,55.37,55.88,7028732,LUV
09/26/17,55.39,55.96,55.1,55.72,4115803,LUV
09/25/17,54.84,55.2158,54.425,55.12,3498113,LUV
09/22/17,54.64,55.03,54.2401,54.93,3053770,LUV
09/21/17,54.16,54.77,53.71,54.63,3276562,LUV
09/20/17,53.91,54.28,53.43,54.25,4609053,LUV
09/19/17,54.02,54.53,53.435,53.54,4664402,LUV
09/18/17,54.82,54.94,53.8534,54.09,6110739,LUV
09/15/17,54.44,54.75,53.81,54.72,14576110,LUV
09/14/17,54.48,54.83,54.1353,54.35,7722113,LUV
09/13/17,53.98,54.71,53.65,54.66,5924991,LUV
09/12/17,53.5,54.01,53.12,53.95,5407853,LUV
09/11/17,53.39,53.69,52.45,53.6,8025606,LUV
09/08/17,52.01,53.025,51.88,52.87,5065076,LUV
09/07/17,51.69,52.58,51.47,52.21,6045981,LUV
09/06/17,50.54,52.04,49.76,51.67,8588077,LUV
09/05/17,51.81,51.975,51.0,51.14,5116444,LUV
09/01/17,52.35,52.49,51.91,52.19,3976827,LUV
08/31/17,51.85,52.25,51.605,52.14,4515753,LUV
08/30/17,51.35,51.62,50.97,51.52,4232678,LUV
08/29/17,51.22,51.6125,50.9,51.46,5508515,LUV
08/28/17,52.61,52.72,51.53,51.75,8370210,LUV
08/25/17,50.9,52.91,50.84,52.68,8842651,LUV
08/24/17,52.11,52.16,50.49,50.71,8511973,LUV
08/23/17,53.25,53.32,51.675,51.72,13366000,LUV
08/22/17,53.57,54.08,53.4,53.43,5358218,LUV
08/21/17,53.4,54.055,53.32,53.54,5128715,LUV
08/18/17,53.35,54.00899999999999,53.12,53.17,6061487,LUV
08/17/17,55.17,55.17,53.105,53.15,5181604,LUV
08/16/17,55.4,55.72,55.15,55.31,3257052,LUV
08/15/17,55.04,55.3656,54.78,55.2,4249438,LUV
08/14/17,54.6,54.99,54.46,54.72,4657826,LUV
08/11/17,53.88,54.37,52.97,54.14,4232572,LUV
08/10/17,54.5,54.56,53.7,54.01,4836626,LUV
08/09/17,54.68,55.49,54.6004,54.69,4456920,LUV
08/08/17,55.31,55.45,54.58,54.81,5306840,LUV
08/07/17,56.77,56.87,55.16,55.37,5446536,LUV
08/04/17,56.19,56.61,55.8,56.58,3499090,LUV
08/03/17,55.69,56.35,55.6,56.11,4616130,LUV
08/02/17,55.64,55.97,55.11,55.7,4055456,LUV
08/01/17,55.88,56.37,55.29,55.72,4671387,LUV
07/31/17,56.9,57.0,55.4249,55.51,4674988,LUV
07/28/17,56.56,56.73,55.63,56.56,5798715,LUV
07/27/17,56.46,58.41,53.77,56.57,14339670,LUV
07/26/17,58.85,59.83,58.55,59.52,5522953,LUV
07/25/17,60.19,60.44,58.74,58.82,7337116,LUV
07/24/17,60.25,60.36,59.79,59.81,3354626,LUV
07/21/17,60.21,60.505,59.89,60.28,5106113,LUV
07/20/17,61.35,61.49,60.16,60.4,6469695,LUV
07/19/17,61.4,61.61,60.46,61.41,7129472,LUV
07/18/17,61.91,62.17,61.415,61.57,5117617,LUV
07/17/17,61.93,62.455,61.58,62.14,3593484,LUV
07/14/17,62.05,62.13,61.48,61.93,3296990,LUV
07/13/17,62.0,62.47,61.4,62.02,4932868,LUV
07/12/17,62.47,62.685,61.89,62.08,4939538,LUV
07/11/17,63.08,63.36,61.76,61.81,5364449,LUV
07/10/17,62.94,63.91,62.92,63.13,5120617,LUV
07/07/17,63.4,64.39,63.4,64.24,3405454,LUV
07/06/17,62.9,63.74,62.65,63.36,5594088,LUV
07/05/17,62.14,63.37,62.09,63.16,3150908,LUV
07/03/17,62.52,62.7317,62.05,62.07,1695191,LUV
06/30/17,62.04,62.58,61.9696,62.14,3186351,LUV
06/29/17,62.28,62.7,61.23,61.81,3186568,LUV
06/28/17,61.81,62.45,61.81,62.01,2731314,LUV
06/27/17,61.75,62.215,61.46,61.51,2806260,LUV
06/26/17,62.1,62.75,61.61,61.75,4256268,LUV
06/23/17,61.61,62.19,61.315,61.92,5079217,LUV
06/22/17,61.88,62.29,61.05,61.52,5485701,LUV
06/21/17,60.42,61.3699,60.42,61.03,3951476,LUV
06/20/17,60.85,61.07,60.235,60.33,4835957,LUV
06/19/17,60.64,61.09,60.405,60.92,4964589,LUV
06/16/17,60.01,60.57,60.0,60.29,6207589,LUV
06/15/17,59.24,60.21,58.99,60.11,5063320,LUV
06/14/17,59.62,60.08,59.03,59.53,4219198,LUV
06/13/17,58.88,59.55,58.665,59.21,5015482,LUV
06/12/17,59.46,59.46,57.63,58.99,6076256,LUV
06/09/17,59.41,59.76,59.11,59.46,5642701,LUV
06/08/17,60.1,60.1,58.825,59.16,5397573,LUV
06/07/17,59.49,60.345,58.41,59.96,6816735,LUV
06/06/17,60.66,61.18,60.02,60.1,5296311,LUV
06/05/17,60.2,61.19,59.765,60.99,5241533,LUV
06/02/17,60.8,61.24,60.24,60.36,5340226,LUV
06/01/17,60.18,60.6,60.06,60.3,4689275,LUV
05/31/17,59.89,60.2,59.13,60.09,4088210,LUV
05/30/17,60.56,60.58,59.44,59.48,3777152,LUV
05/26/17,60.85,61.15,60.5,60.67,4928245,LUV
05/25/17,59.78,61.19,59.78,60.92,6799977,LUV
05/24/17,59.81,60.015,59.36,59.58,3124439,LUV
05/23/17,59.25,59.82,58.81,59.64,2960604,LUV
05/22/17,58.4,59.44,58.26,58.92,5768886,LUV
05/19/17,57.55,58.36,57.47,58.04,3389235,LUV
05/18/17,57.13,57.78,56.96,57.29,3576916,LUV
05/17/17,57.7,57.99,56.8276,57.04,4195597,LUV
05/16/17,58.11,58.6201,57.65,58.27,4728338,LUV
05/15/17,57.24,58.335,57.24,58.03,3723463,LUV
05/12/17,57.88,58.225,57.09,57.22,3069609,LUV
05/11/17,58.2,58.39,57.4586,58.09,2611077,LUV
05/10/17,58.17,58.59,57.97,58.37,5051460,LUV
05/09/17,57.75,58.56,57.66,58.28,4467852,LUV
05/08/17,58.5,58.73,57.25,57.48,3625153,LUV
05/05/17,58.4,58.55,57.94,58.4,2423635,LUV
05/04/17,58.42,58.65,57.54,58.34,3847292,LUV
05/03/17,58.1,58.42,57.84,58.16,4023888,LUV
05/02/17,56.35,58.46,56.3,58.33,4894093,LUV
05/01/17,56.52,57.2246,56.17,56.28,4157016,LUV
04/28/17,55.92,56.39,55.66,56.22,5012163,LUV
04/27/17,55.61,56.42,54.52,55.75,10258660,LUV
04/26/17,57.21,57.52,56.71,56.94,5407413,LUV
04/25/17,56.92,57.84,56.91,57.09,5313733,LUV
04/24/17,56.2,56.7,56.05,56.49,3573551,LUV
04/21/17,55.83,56.15,55.34,55.63,3828143,LUV
04/20/17,54.92,56.125,54.92,55.95,4279880,LUV
04/19/17,54.78,55.0902,54.48,54.65,2880051,LUV
04/18/17,54.66,55.07,53.81,54.42,3620098,LUV
04/17/17,54.45,54.73,54.15,54.72,2852355,LUV
04/13/17,55.33,55.37,54.29,54.31,4207085,LUV
04/12/17,55.71,56.57,55.48,55.51,6956928,LUV
04/11/17,54.21,55.08,53.59,55.06,5431126,LUV
04/10/17,54.4,54.63,53.955,54.22,4268907,LUV
04/07/17,53.34,54.87,53.26,54.54,7941528,LUV
04/06/17,53.35,53.77,52.96,53.38,3024155,LUV
04/05/17,53.49,54.41,53.3,53.35,4822565,LUV
04/04/17,53.81,53.9,52.88,53.07,3991156,LUV
04/03/17,53.72,54.12,53.18,54.0,3446371,LUV
03/31/17,53.53,53.96,53.41,53.76,3119614,LUV
03/30/17,53.52,54.25,53.41,53.83,2631768,LUV
03/29/17,54.01,54.08,53.16,53.48,4487484,LUV
03/28/17,52.8,54.54,52.46,54.19,6854356,LUV
03/27/17,52.0,53.0,51.7,52.88,4259952,LUV
03/24/17,52.64,52.87,52.29,52.61,3719743,LUV
03/23/17,52.46,52.96,52.24,52.37,3022315,LUV
03/22/17,51.64,52.53,51.11,52.46,5817427,LUV
03/21/17,53.66,53.66,51.8,51.88,6374873,LUV
03/20/17,53.51,53.75,52.94,53.45,4754722,LUV
03/17/17,54.14,54.21,53.16,53.18,6400275,LUV
03/16/17,54.6,54.61,53.77,54.15,4933726,LUV
03/15/17,51.97,54.62,51.82,54.29,9513649,LUV
03/14/17,54.11,54.14,52.72,52.88,9223072,LUV
03/13/17,55.72,56.18,54.46,54.49,9720352,LUV
03/10/17,54.68,55.99,54.41,55.88,12504890,LUV
03/09/17,56.73,57.38,56.28,56.36,7228219,LUV
03/08/17,56.91,57.03,56.43,56.68,6219846,LUV
03/07/17,57.41,57.41,56.6886,56.83,5757275,LUV
03/06/17,58.51,58.6,57.16,57.56,5899543,LUV
03/03/17,57.7,59.0,57.6,58.86,5137340,LUV
03/02/17,58.46,58.73,57.53,57.57,4658729,LUV
03/01/17,58.47,59.68,58.43,58.88,5382908,LUV
02/28/17,58.4,58.57,57.695,57.8,5733881,LUV
02/27/17,58.34,58.48,57.57,58.43,6309455,LUV
02/24/17,56.92,58.56,56.37,58.54,5513352,LUV
02/23/17,58.08,58.55,57.115,57.26,4664723,LUV
02/22/17,57.79,58.0,57.14,57.91,4782067,LUV
02/21/17,57.6,57.99,57.08,57.86,4290578,LUV
02/17/17,56.12,57.35,55.58,57.32,6077210,LUV
02/16/17,57.4,57.4,56.06,56.34,5617944,LUV
02/15/17,56.91,58.06,55.8,57.29,9908466,LUV
02/14/17,55.73,55.74,54.92,55.31,4945071,LUV
02/13/17,54.84,56.31,54.84,55.73,5412782,LUV
02/10/17,54.77,54.87,54.37,54.71,3194420,LUV
02/09/17,53.01,54.67,52.9,54.52,7692173,LUV
02/08/17,53.2,53.49,52.36,52.92,4076765,LUV
02/07/17,53.35,53.88,52.91,53.04,5230979,LUV
02/06/17,53.17,53.375,52.9,53.07,3334991,LUV
02/03/17,53.0,53.58,52.6,52.88,3631613,LUV
02/02/17,52.27,53.31,52.18,52.86,4563728,LUV
02/01/17,52.55,53.27,52.44,52.73,4953408,LUV
01/31/17,52.06,52.4,51.5103,52.31,6603950,LUV
01/30/17,52.13,52.4,51.17,52.35,8057621,LUV
01/27/17,54.075,54.18,52.38,52.7,7686996,LUV
01/26/17,51.4,53.99,51.14,53.92,15952560,LUV
01/25/17,49.09,49.95,48.711000000000006,49.46,8380847,LUV
01/24/17,50.12,50.24,49.58,49.65,6152433,LUV
01/23/17,51.03,51.14,49.77,49.94,4222197,LUV
01/20/17,50.14,51.17,50.14,51.09,5196548,LUV
01/19/17,50.45,50.75,49.85,50.07,4238086,LUV
01/18/17,50.07,50.66,49.7,50.38,5897035,LUV
01/17/17,50.88,51.34,50.22,50.24,4219664,LUV
01/13/17,51.0,51.34,50.78,51.15,2611302,LUV
01/12/17,51.68,51.95,50.26,51.01,6059844,LUV
01/11/17,51.77,52.2,51.47,51.68,5941592,LUV
01/10/17,50.55,51.89,50.53,51.34,5569265,LUV
01/09/17,50.0,50.93,49.795,50.3,4966571,LUV
01/06/17,50.49,50.65,49.45,49.93,5691930,LUV
01/05/17,51.44,52.12,50.12,50.47,7131460,LUV
01/04/17,50.25,51.42,50.15,51.3,4914351,LUV
01/03/17,50.4,51.16,49.81,49.98,4210345,LUV
12/30/16,50.19,50.37,49.53,49.84,3257296,LUV
12/29/16,50.19,50.62,49.958,50.2,2167328,LUV
12/28/16,50.53,50.96,50.07,50.17,3185772,LUV
12/27/16,50.46,50.78,50.26,50.49,1874248,LUV
12/23/16,50.36,50.72,50.19,50.45,1616888,LUV
12/22/16,50.72,51.03,50.08,50.25,2508786,LUV
12/21/16,50.77,51.077,50.52,50.65,3954416,LUV
12/20/16,50.55,51.19,50.41,50.89,3700768,LUV
12/19/16,50.26,50.53,49.72,50.35,3438403,LUV
12/16/16,50.74,51.13,49.89,49.93,7649845,LUV
12/15/16,49.43,51.31,49.4,50.59,9147773,LUV
12/14/16,49.5,50.0,48.9,49.28,5920363,LUV
12/13/16,49.47,50.43,49.45,49.55,6603671,LUV
12/12/16,49.36,49.69,48.92,49.37,8801311,LUV
12/09/16,49.89,50.684,49.22,49.79,6700895,LUV
12/08/16,49.98,49.98,49.24100000000001,49.6,6643226,LUV
12/07/16,47.71,49.875,47.4,49.85,7738753,LUV
12/06/16,47.39,47.9,47.16,47.68,4573208,LUV
12/05/16,48.08,48.46,47.0444,47.07,4734215,LUV
12/02/16,47.37,48.24,47.3,47.91,4843592,LUV
12/01/16,46.36,47.44,46.185,47.07,5594773,LUV
11/30/16,46.1,47.3311,44.7,46.61,6640947,LUV
11/29/16,47.56,47.83,47.21,47.24,4453435,LUV
11/28/16,47.41,47.77,47.15,47.52,4230928,LUV
11/25/16,47.31,47.91,47.23,47.45,2499128,LUV
11/23/16,46.99,47.46,46.13,47.37,5317703,LUV
11/22/16,47.69,47.99,46.75,47.1,7401268,LUV
11/21/16,47.08,47.68,46.98,47.36,6760706,LUV
11/18/16,46.91,47.25,46.68,47.06,6783000,LUV
11/17/16,45.69,46.7399,45.35,46.69,5915536,LUV
11/16/16,46.04,46.34,45.45,45.85,6502590,LUV
11/15/16,46.55,47.3,45.68,46.25,9921402,LUV
11/14/16,43.9,45.45,43.88,45.35,11144740,LUV
11/11/16,43.5,43.85,42.99,43.84,7907311,LUV
11/10/16,42.64,43.85,42.58,43.64,10326080,LUV
11/09/16,40.8,42.456,40.75,42.37,8472576,LUV
11/08/16,41.57,42.0,41.22,41.93,8783963,LUV
11/07/16,41.0,41.57,40.705,41.57,7740837,LUV
11/04/16,39.69,40.93,39.555,40.38,7293975,LUV
11/03/16,39.82,40.385,39.51,39.7,5187598,LUV
11/02/16,39.57,40.095,39.43,39.61,6691512,LUV
11/01/16,39.98,40.42,39.33,39.68,8004600,LUV
10/31/16,39.49,40.47,39.15,40.05,8148848,LUV
10/28/16,39.29,39.835,38.95,39.18,10321180,LUV
10/27/16,38.5,39.58,37.65,39.24,22002660,LUV
10/26/16,37.7,39.8,36.91,38.4,43824879,LUV
10/25/16,42.15,42.725,41.71,41.95,11101780,LUV
10/24/16,42.52,42.93,42.2,42.33,5311393,LUV
10/21/16,41.91,42.46,41.75,42.43,5448358,LUV
10/20/16,42.15,42.47,41.76,42.29,7813331,LUV
10/19/16,41.74,42.4,41.57,42.25,6334976,LUV
10/18/16,41.56,41.985,41.19,41.68,8755648,LUV
10/17/16,41.4,42.2,41.16,41.24,5509896,LUV
10/14/16,41.6,42.41,41.1145,41.32,7296827,LUV
10/13/16,39.68,41.62,39.125,41.38,11107180,LUV
10/12/16,40.15,40.38,39.73,40.01,6634830,LUV
10/11/16,40.03,40.33,39.51,39.79,9126557,LUV
10/10/16,38.5,39.95,38.46,39.77,7815066,LUV
10/07/16,39.14,39.2,38.181,38.47,6932903,LUV
10/06/16,39.05,39.32,38.69,39.17,4816741,LUV
10/05/16,39.02,39.415,38.83,39.1,4221673,LUV
10/04/16,40.32,40.49,39.09,39.16,10682210,LUV
10/03/16,38.85,39.745,38.7,39.74,8643552,LUV
09/30/16,38.27,39.18,38.03,38.89,9364392,LUV
09/29/16,38.02,38.54,37.95,38.15,5534992,LUV
09/28/16,38.53,38.95,37.95,38.07,7121076,LUV
09/27/16,36.78,38.57,36.78,38.54,10038170,LUV
09/26/16,36.97,37.16,36.61,36.87,5718693,LUV
09/23/16,37.25,37.39,36.765,37.24,4628200,LUV
09/22/16,37.09,37.67,36.92,37.33,6559598,LUV
09/21/16,36.8,37.055,36.31,36.91,4971083,LUV
09/20/16,36.79,37.2,36.63,36.82,3312028,LUV
09/19/16,36.71,37.18,36.59,36.7,5395188,LUV
09/16/16,36.9,36.9,36.51,36.59,6268408,LUV
09/15/16,36.81,37.12,36.45,36.99,4479158,LUV
09/14/16,37.14,37.41,36.65,36.84,5071733,LUV
09/13/16,37.73,38.09,37.01,37.14,6749032,LUV
09/12/16,36.935,37.931,36.64,37.82,5192880,LUV
09/09/16,38.68,38.69,37.18,37.34,9013285,LUV
09/08/16,38.54,39.06,38.4304,38.76,7353439,LUV
09/07/16,37.32,38.84,37.28,38.68,11627730,LUV
09/06/16,36.89,37.07,36.56,36.95,6383255,LUV
09/02/16,36.57,37.01,36.52,36.89,4456041,LUV
09/01/16,36.88,37.25,36.41,36.59,4781378,LUV
08/31/16,37.2,37.62,36.4,36.88,8148224,LUV
08/30/16,36.6,37.34,36.37,37.18,6007293,LUV
08/29/16,36.41,36.54,36.32,36.45,4108749,LUV
08/26/16,36.73,36.765,36.05,36.27,5245502,LUV
08/25/16,36.55,36.85,36.43,36.69,3334942,LUV
08/24/16,36.6,36.84,36.42,36.66,4473329,LUV
08/23/16,36.46,36.8,36.45,36.69,4566389,LUV
08/22/16,36.34,36.54,36.13,36.28,4829693,LUV
08/19/16,36.71,36.8,36.3,36.35,7517151,LUV
08/18/16,36.85,36.9,36.515,36.84,4370523,LUV
08/17/16,36.55,36.95,36.48,36.85,5891937,LUV
08/16/16,36.7,36.79,36.41,36.52,5773033,LUV
08/15/16,36.5,36.95,36.330999999999996,36.88,5617788,LUV
08/12/16,37.07,37.2071,36.415,36.52,7717784,LUV
08/11/16,36.96,37.53,36.8,37.24,5974554,LUV
08/10/16,37.18,37.35,36.6,36.99,6507060,LUV
08/09/16,37.75,37.95,37.3,37.46,4827301,LUV
08/08/16,37.77,38.03,37.27,37.45,5918352,LUV
08/05/16,36.8,37.87,36.77,37.85,9160389,LUV
08/04/16,36.21,36.81,36.09,36.42,7366166,LUV
08/03/16,35.5,36.0,35.43,35.88,6992251,LUV
08/02/16,36.85,36.94,35.42,35.54,9579878,LUV
08/01/16,37.16,37.37,36.65,37.04,6787833,LUV
07/29/16,37.49,37.88,37.01,37.01,6760762,LUV
07/28/16,37.47,37.64,37.14,37.47,6339305,LUV
07/27/16,37.59,37.79,37.2,37.48,8619846,LUV
07/26/16,37.81,38.3,37.51,38.28,10525640,LUV
07/25/16,37.84,38.0,37.02,37.36,11388970,LUV
07/22/16,37.91,38.05,37.01,37.83,18313189,LUV
07/21/16,39.08,39.27,37.22,37.32,34055727,LUV
07/20/16,43.02,43.03,41.94,42.03,8225088,LUV
07/19/16,42.88,43.17,42.5701,42.72,5526270,LUV
07/18/16,43.29,43.56,43.12,43.18,4805668,LUV
07/15/16,43.12,43.571000000000005,42.7,43.16,5868531,LUV
07/14/16,42.87,43.34,42.43,43.17,6168703,LUV
07/13/16,43.22,43.3,42.16,42.4,6267984,LUV
07/12/16,41.64,43.09,41.63,42.84,8662018,LUV
07/11/16,40.94,41.34,40.81,41.04,5849172,LUV
07/08/16,40.06,40.91,40.05,40.54,4747710,LUV
07/07/16,39.0,39.95,39.0,39.85,3774999,LUV
07/06/16,38.68,39.16,38.15,39.13,5409520,LUV
07/05/16,39.74,39.75,38.655,39.21,5302407,LUV
07/01/16,39.26,39.77,39.205,39.6,6490463,LUV
06/30/16,38.96,39.21,38.54,39.21,5333329,LUV
06/29/16,38.2,39.16,37.76,38.89,8616245,LUV
06/28/16,37.72,37.83,36.75,37.43,8281922,LUV
06/27/16,37.98,38.01,36.48,36.76,13054030,LUV
06/24/16,37.88,39.24,37.74,38.31,19699920,LUV
06/23/16,40.72,40.75,38.2,39.59,16781910,LUV
06/22/16,40.52,40.7223,40.0,40.26,4816795,LUV
06/21/16,40.47,40.875,39.98,40.52,6376269,LUV
06/20/16,40.05,40.48,39.9,40.02,4190635,LUV
06/17/16,39.6,40.1822,39.58,39.74,5633691,LUV
06/16/16,39.45,40.09,39.18,39.78,6621645,LUV
06/15/16,40.25,40.67,39.76,39.94,7023427,LUV
06/14/16,41.95,42.22,39.6,39.88,15154210,LUV
06/13/16,43.22,43.49,41.91,42.16,6586737,LUV
06/10/16,43.91,44.05,43.23,43.63,4661081,LUV
06/09/16,43.46,44.33,43.35,44.19,5605201,LUV
06/08/16,43.27,43.895,43.05,43.5,6526989,LUV
06/07/16,41.71,43.46,41.57,43.07,6401545,LUV
06/06/16,41.5,41.86,41.21,41.77,3517178,LUV
06/03/16,41.91,41.97,41.11,41.69,5081794,LUV
06/02/16,42.32,42.62,42.03,42.17,4391071,LUV
06/01/16,42.5,42.65,42.09,42.54,4083267,LUV
05/31/16,42.35,42.54,42.04,42.48,4878507,LUV
05/27/16,41.82,42.39,41.82,42.33,3315908,LUV
05/26/16,42.57,42.69,41.57,41.79,5019852,LUV
05/25/16,42.82,43.29,42.42,42.53,4441144,LUV
05/24/16,42.3,43.0,42.1801,42.8,3513843,LUV
05/23/16,42.19,42.56,42.12,42.21,3850089,LUV
05/20/16,42.34,42.985,42.08,42.19,4195085,LUV
05/19/16,42.75,42.958,41.5,42.17,5693698,LUV
05/18/16,42.01,43.2399,41.92,42.9,6035593,LUV
05/17/16,42.05,42.95,42.0,42.2,5162100,LUV
05/16/16,41.61,42.37,41.32,42.23,6059340,LUV
05/13/16,41.43,42.24,41.31,41.56,5486288,LUV
05/12/16,42.25,42.37,40.85,41.22,5670279,LUV
05/11/16,42.7,43.61,42.08,42.11,7124817,LUV
05/10/16,42.28,42.91,42.1,42.85,5264360,LUV
05/09/16,41.79,42.57,41.75,42.19,5495943,LUV
05/06/16,41.47,41.94,40.74,41.73,6550360,LUV
05/05/16,41.76,42.14,41.39,41.53,5969117,LUV
05/04/16,42.8,42.81,41.39,41.66,7609633,LUV
05/03/16,44.23,44.28,42.94,43.14,6220546,LUV
05/02/16,44.63,45.0,43.925,44.01,5482771,LUV
04/29/16,44.11,44.64,43.46,44.61,11026500,LUV
04/28/16,45.48,45.74,43.9537,44.06,8448673,LUV
04/27/16,46.18,46.865,45.45,45.57,8295374,LUV
04/26/16,47.09,47.5,45.91,46.18,6374152,LUV
04/25/16,47.3,47.647,46.77,46.85,4259061,LUV
04/22/16,46.28,47.78,46.16,47.25,9581166,LUV
04/21/16,48.0,48.0,46.27,47.73,9872903,LUV
04/20/16,47.32,47.5,47.01,47.05,6669383,LUV
04/19/16,47.11,47.5,46.77,47.13,5073562,LUV
04/18/16,47.45,47.45,46.76,47.1,4281747,LUV
04/15/16,47.15,47.18,46.41,47.04,5810860,LUV
04/14/16,46.24,47.01,46.03,46.71,7506254,LUV
04/13/16,45.07,45.99,44.76,45.84,7720103,LUV
04/12/16,44.38,44.95,44.23,44.65,4340318,LUV
04/11/16,44.75,45.605,44.36,44.37,6456302,LUV
04/08/16,43.9,44.65,43.66,44.5,4785594,LUV
04/07/16,43.63,44.44,43.31,43.65,5923754,LUV
04/06/16,43.65,43.86,43.0901,43.67,4079648,LUV
04/05/16,43.81,44.16,43.53,43.63,4979221,LUV
04/04/16,44.76,45.105,44.0,44.11,5219196,LUV
04/01/16,44.4,44.64,43.61,44.56,6223511,LUV
03/31/16,44.97,45.365,44.775,44.8,5195678,LUV
03/30/16,44.92,45.34,44.77,44.98,4791890,LUV
03/29/16,44.0,44.65,43.94,44.64,4935794,LUV
03/28/16,44.08,44.42,43.56,43.81,5457832,LUV
03/24/16,44.35,44.35,43.27,44.06,5960711,LUV
03/23/16,44.72,44.93,44.1682,44.43,4374193,LUV
03/22/16,44.53,45.05,44.35,44.61,6300656,LUV
03/21/16,44.5,45.39,44.49,44.99,6202438,LUV
03/18/16,43.6,44.58,43.43,44.5,9757307,LUV
03/17/16,44.08,44.2,43.5,43.6,6128626,LUV
03/16/16,43.49,44.285,43.31,44.15,4798990,LUV
03/15/16,43.53,43.8,43.16,43.62,5880400,LUV
03/14/16,43.17,44.03,43.1047,43.82,6078587,LUV
03/11/16,42.53,43.46,42.4,43.33,6661258,LUV
03/10/16,42.39,42.57,41.6734,42.26,5091010,LUV
03/09/16,41.71,42.41,41.31,42.32,6965748,LUV
03/08/16,40.64,42.03,39.99,41.59,8532367,LUV
03/07/16,41.13,41.84,40.71,41.48,6800306,LUV
03/04/16,42.16,42.24,41.19,41.5,6915469,LUV
03/03/16,42.0,42.13,41.41,42.03,6112714,LUV
03/02/16,42.43,42.49,41.57,41.94,6660400,LUV
03/01/16,42.22,42.79,42.07,42.5,6066378,LUV
02/29/16,41.93,42.51,41.615,41.95,7509210,LUV
02/26/16,42.75,42.86,41.93,42.17,6802620,LUV
02/25/16,41.6,42.6,41.476000000000006,42.59,7927020,LUV
02/24/16,40.56,41.4,39.98,41.36,7752235,LUV
02/23/16,40.7,41.2325,40.4,41.08,5763234,LUV
02/22/16,39.56,41.0,39.56,40.82,11400900,LUV
02/19/16,38.91,39.455,38.57,39.31,5546694,LUV
02/18/16,38.65,39.1,38.4,39.0,6785521,LUV
02/17/16,37.47,38.685,37.46,38.51,7571936,LUV
02/16/16,36.6,37.18,36.34,37.08,6806043,LUV
02/12/16,35.8,36.25,35.09,36.24,6614746,LUV
02/11/16,34.97,35.76,34.78,35.34,6482717,LUV
02/10/16,35.67,36.08,35.24,35.54,6111264,LUV
02/09/16,34.38,35.7825,34.3,35.25,7609817,LUV
02/08/16,35.13,35.13,33.96,34.72,9555301,LUV
02/05/16,37.27,37.6,35.51,35.69,8158656,LUV
02/04/16,36.44,37.7,36.44,37.55,6586127,LUV
02/03/16,36.85,37.1,35.64,36.84,7973173,LUV
02/02/16,38.02,38.12,36.25,36.47,6553721,LUV
02/01/16,37.62,38.59,37.39,38.31,6945633,LUV
01/29/16,36.172,37.67,35.51,37.62,9554523,LUV
01/28/16,37.48,37.94,35.71,36.19,8873056,LUV
01/27/16,38.62,39.0,36.881,37.29,8898767,LUV
01/26/16,38.24,38.49,37.77,38.37,6382821,LUV
01/25/16,39.35,39.38,38.13,38.2,9441245,LUV
01/22/16,40.0,40.1,38.855,39.0,7001676,LUV
01/21/16,39.99,41.5,38.94,39.5,12315260,LUV
01/20/16,39.13,40.25,37.14,39.3,12197120,LUV
01/19/16,40.669000000000004,40.74,39.13,39.6,7221794,LUV
01/15/16,39.29,40.16,38.84,39.77,8234856,LUV
01/14/16,40.31,40.96,39.26,40.47,8147472,LUV
01/13/16,42.91,42.98,40.09,40.4,6135194,LUV
01/12/16,42.51,42.7699,41.33,42.68,5999553,LUV
01/11/16,42.3,42.88,41.25,42.04,6116900,LUV
01/08/16,42.41,43.06,42.11,42.21,7459358,LUV
01/07/16,42.95,43.15,41.56,41.95,8545633,LUV
01/06/16,41.97,43.5,41.8,42.85,6236478,LUV
01/05/16,42.4,43.08,41.4339,42.46,9364610,LUV
01/04/16,41.7,42.19,41.1801,41.96,5916379,LUV
12/31/15,43.18,43.3,42.75,43.06,3825951,LUV
12/30/15,44.35,44.42,43.32,43.35,2630925,LUV
12/29/15,43.95,44.42,43.82,44.34,2722409,LUV
12/28/15,43.93,44.41,43.285,43.82,2243678,LUV
